CustID,Region,MonthlySpend,ContractYears,Active,predicted_Active,prediction_score,risk_tier
1021,North,31.88,1,No,Yes,0.6675,High
1016,East,98.25,2,No,Yes,0.6416,High
1030,East,111.77,2,Yes,Yes,0.6325,High
1011,East,80.58,3,Yes,Yes,0.6026,High
1022,North,92.55,3,No,Yes,0.5957,Medium
1023,East,173.13,2,No,Yes,0.5935,Medium
1019,North,93.79,1,No,Yes,0.5706,Medium
1017,East,82.86,1,No,Yes,0.5612,Medium
1009,East,172.92,1,No,Yes,0.553,Medium
1029,North,95.9,1,Yes,Yes,0.5482,Medium
1005,East,84.41,2,Yes,Yes,0.4955,Medium
1003,South,108.29,4,No,Yes,0.4519,Medium
1015,North,179.85,4,No,Yes,0.442,Medium
1027,North,30.32,3,Yes,Yes,0.4366,Medium
1008,East,194.07,3,Yes,Yes,0.4265,Medium
1012,North,45.94,4,Yes,Yes,0.426,Medium
1024,East,199.38,4,Yes,Yes,0.4211,Medium
1006,North,189.36,1,Yes,Yes,0.4137,Medium
1032,South,112.72,2,No,Yes,0.4135,Medium
1002,North,122.48,1,Yes,Yes,0.4073,Medium
1001,South,176.43,1,No,Yes,0.4062,Medium
1007,South,48.35,1,Yes,Yes,0.3991,Medium
1010,East,158.89,1,No,No,0.3888,Medium
1013,North,159.39,3,No,No,0.3867,Medium
1020,South,174.17,2,No,No,0.3839,Medium
1031,North,128.6,3,No,No,0.3736,Medium
1028,South,135.33,4,No,No,0.3471,Medium
1025,North,139.37,2,No,No,0.3305,Medium
1026,South,130.82,1,No,No,0.3291,Medium
1014,South,124.87,4,Yes,No,0.3145,Medium
1004,South,162.0,4,No,No,0.3031,Medium
1018,South,134.72,3,No,No,0.2604,Low
