Date,Region,Units,Revenue,segment,is_anomaly,anomaly_score
2024-01-01,East,22,1915.769226163537,Segment 1,False,0.4168
2024-01-02,West,33,2757.087344559313,Segment 1,False,0.5113
2024-01-03,North,24,2035.810436256577,Segment 1,False,0.4053
2024-01-04,East,21,2067.05416514749,Segment 1,False,0.4206
2024-01-05,East,22,1941.573672197097,Segment 1,False,0.4133
2024-01-06,West,34,3215.407011025382,Segment 1,False,0.5172
2024-01-07,North,27,2703.690652523245,Segment 1,False,0.3856
2024-01-08,North,30,3228.473794355239,Segment 1,False,0.4435
2024-01-09,East,32,2610.319538996607,Segment 1,False,0.4918
2024-01-10,South,22,2463.481151039958,Segment 1,False,0.4211
2024-01-11,East,21,2207.436327172362,Segment 1,False,0.4374
2024-01-12,East,24,1998.488670670917,Segment 1,False,0.4203
2024-01-13,East,18,2068.97660935688,Segment 1,False,0.4357
2024-01-14,East,35,4089.221360744538,Segment 1,False,0.6033
2024-01-15,West,25,2061.077959854864,Segment 1,False,0.4247
2024-01-16,North,38,3460.85402518375,Segment 1,False,0.6301
2024-01-17,West,25,2806.201279793062,Segment 1,False,0.4148
2024-01-18,West,22,2418.468527537619,Segment 1,False,0.4164
2024-01-19,West,27,2359.282700904887,Segment 1,False,0.3991
2024-01-20,East,14,1237.235621068558,Segment 1,False,0.5891
2024-01-21,South,33,3129.023175684624,Segment 1,False,0.4628
2024-01-22,North,19,1888.237468745176,Segment 1,False,0.4408
2024-01-23,South,28,2932.445344113931,Segment 1,False,0.4126
2024-01-24,West,21,1989.887457238609,Segment 1,False,0.4317
2024-01-25,West,23,2265.531938842496,Segment 1,False,0.3868
2024-01-26,South,27,2967.268613184457,Segment 1,False,0.4107
2024-01-27,South,17,1384.944577965607,Segment 1,False,0.5137
2024-01-28,South,22,1982.144511022738,Segment 1,False,0.4066
2024-01-29,West,28,3038.951536190699,Segment 1,False,0.4211
2024-01-30,West,25,2895.206837687199,Segment 1,False,0.4334
2024-01-31,North,27,2712.61163748492,Segment 1,False,0.3859
2024-02-01,North,28,2835.967103497153,Segment 1,False,0.4061
2024-02-02,West,35,2950.040815875686,Segment 1,False,0.5288
2024-02-03,South,23,2251.619377477578,Segment 1,False,0.3875
2024-02-04,South,21,2127.398503822219,Segment 1,False,0.4182
2024-02-05,North,30,2690.964604361676,Segment 1,False,0.4461
2024-02-06,West,25,2269.243230949381,Segment 1,False,0.408
2024-02-07,North,33,3138.015095298102,Segment 1,False,0.4632
2024-02-08,North,22,1777.662654044399,Segment 1,False,0.474
2024-02-09,East,32,2972.261331946468,Segment 1,False,0.4716
2024-02-10,East,27,2388.363847556268,Segment 1,False,0.3977
2024-02-11,East,27,2513.697140352147,Segment 1,False,0.3969
2024-02-12,South,17,1441.438249637091,Segment 1,False,0.4918
2024-02-13,West,26,3006.148371969491,Segment 1,False,0.4271
2024-02-14,West,27,2801.079849838372,Segment 1,False,0.3885
2024-02-15,West,28,3000.594597441828,Segment 1,False,0.4171
2024-02-16,West,22,2454.470689974458,Segment 1,False,0.4212
2024-02-17,East,27,2698.317574843382,Segment 1,False,0.3859
2024-02-18,South,27,2253.873911134418,Segment 1,False,0.4227
2024-02-19,South,17,1725.232448436612,Segment 1,False,0.468
2024-02-20,East,21,500000.0,Segment 2,True,0.8616
2024-02-21,South,32,3514.162526955943,Segment 1,False,0.5006
2024-02-22,East,30,2917.991455475616,Segment 1,False,0.4364
2024-02-23,West,26,2212.683514907386,Segment 1,False,0.4244
2024-02-24,East,20,1827.02072463898,Segment 1,False,0.4555
2024-02-25,West,22,2079.512420830799,Segment 1,False,0.3958
2024-02-26,West,27,2857.590620638129,Segment 1,False,0.3946
2024-02-27,North,33,3393.427362162964,Segment 1,False,0.4913
2024-02-28,East,24,2261.852856861932,Segment 1,False,0.3902
2024-02-29,North,22,2628.133418937822,Segment 1,False,0.4579
2024-03-01,East,31,3231.16077600254,Segment 1,False,0.4497
2024-03-02,East,19,1700.292361719356,Segment 1,False,0.4619
2024-03-03,North,35,2942.495461668565,Segment 1,False,0.5273
2024-03-04,North,26,2238.973504751705,Segment 1,False,0.4165
2024-03-05,East,19,1706.927873572226,Segment 1,False,0.4615
2024-03-06,South,32,2765.672157772231,Segment 1,False,0.4724
2024-03-07,West,28,2448.955066937463,Segment 1,False,0.4157
2024-03-08,North,23,2102.287555198339,Segment 1,False,0.3858
2024-03-09,West,25,2173.373595294755,Segment 1,False,0.4107
2024-03-10,South,30,3476.11850955171,Segment 1,False,0.4893
2024-03-11,South,28,2329.861795141039,Segment 1,False,0.4386
2024-03-12,South,32,3231.374578649926,Segment 1,False,0.4552
2024-03-13,North,23,2217.565080830489,Segment 1,False,0.3868
2024-03-14,South,26,3101.673761584951,Segment 1,False,0.4531
2024-03-15,North,24,2027.55734608133,Segment 1,False,0.406
2024-03-16,South,22,2110.112927160253,Segment 1,False,0.3977
2024-03-17,West,10,1187.788173310148,Segment 1,True,0.7191
2024-03-18,West,30,3438.608551072776,Segment 1,False,0.4741
2024-03-19,East,18,2028.291891083481,Segment 1,False,0.4432
2024-03-20,West,29,2619.16727937213,Segment 1,False,0.4343
2024-03-21,East,27,2344.558594381271,Segment 1,False,0.3987
2024-03-22,West,14,1494.440203157681,Segment 1,False,0.5355
2024-03-23,North,26,3046.551028692689,Segment 1,False,0.4338
2024-03-24,West,25,2556.76289301393,Segment 1,False,0.4009
2024-03-25,East,30,3085.93522736388,Segment 1,False,0.4397
2024-03-26,East,24,2188.779929913873,Segment 1,False,0.3972
2024-03-27,South,31,3434.171237158002,Segment 1,False,0.4819
2024-03-28,North,24,2099.561998615222,Segment 1,False,0.3972
2024-03-29,West,19,1765.996219667225,Segment 1,False,0.4538
2024-03-30,South,26,2522.453896161074,Segment 1,False,0.4105
2024-03-31,West,27,2708.219208979211,Segment 1,False,0.3853
2024-04-01,West,26,2332.106121711683,Segment 1,False,0.4117
2024-04-02,South,24,2030.243351749635,Segment 1,False,0.4057
2024-04-03,South,23,2401.770439046302,Segment 1,False,0.4021
2024-04-04,South,13,1190.087887684933,Segment 1,False,0.6188
2024-04-05,South,31,3200.735394564039,Segment 1,False,0.4483
2024-04-06,South,25,2154.362715274202,Segment 1,False,0.4101
2024-04-07,West,25,2481.140101854818,Segment 1,False,0.4066
2024-04-08,South,19,1924.767968739205,Segment 1,False,0.4386
2024-04-09,North,23,1887.677653876633,Segment 1,False,0.4451
2024-04-10,East,27,2523.532620449434,Segment 1,False,0.3974
2024-04-11,South,23,1963.661502783856,Segment 1,False,0.4096
2024-04-12,South,25,2063.374970472768,Segment 1,False,0.4247
2024-04-13,West,27,3229.157050981141,Segment 1,False,0.4681
2024-04-14,South,16,1486.306460783823,Segment 1,False,0.4801
2024-04-15,South,35,3933.824224196489,Segment 1,False,0.568
2024-04-16,South,23,2074.269402382663,Segment 1,False,0.3886
2024-04-17,West,24,2574.242613334972,Segment 1,False,0.4154
2024-04-18,South,35,3864.319003845561,Segment 1,False,0.5685
2024-04-19,East,20,2076.510992486275,Segment 1,False,0.4282
2024-04-20,West,17,1680.671808214108,Segment 1,False,0.4614
2024-04-21,East,17,1640.051821620143,Segment 1,False,0.4608
2024-04-22,West,16,1503.275690587517,Segment 1,False,0.4754
2024-04-23,South,31,3632.616138867304,Segment 1,False,0.5322
2024-04-24,East,30,3396.743289345275,Segment 1,False,0.4674
2024-04-25,West,18,2134.819375679889,Segment 1,False,0.4644
2024-04-26,North,27,2294.241001364388,Segment 1,False,0.4109
2024-04-27,South,22,2403.163378179207,Segment 1,False,0.4154
2024-04-28,West,23,2703.273220275355,Segment 1,False,0.435
2024-04-29,North,23,2006.734420872408,Segment 1,False,0.3965
2024-04-30,West,31,2562.455371534804,Segment 1,False,0.4734
2024-05-01,North,29,3179.699953176469,Segment 1,False,0.4475
2024-05-02,South,25,2574.473113179912,Segment 1,False,0.3976
2024-05-03,East,22,2500.809323547279,Segment 1,False,0.431
2024-05-04,North,23,1968.590586496186,Segment 1,False,0.407
2024-05-05,West,33,3689.752851655055,Segment 1,False,0.53
2024-05-06,South,36,3170.343340868752,Segment 1,False,0.5663
2024-05-07,North,27,2336.748418294961,Segment 1,False,0.3993
2024-05-08,West,22,1904.553902179274,Segment 1,False,0.4194
2024-05-09,West,28,3152.323686659148,Segment 1,False,0.4408
2024-05-10,West,17,1812.334110073416,Segment 1,False,0.4703
2024-05-11,North,15,1513.839254861472,Segment 1,False,0.5107
2024-05-12,North,24,2264.477264758562,Segment 1,False,0.3898
2024-05-13,North,23,2647.02449754806,Segment 1,False,0.4273
2024-05-14,East,19,1818.258281641203,Segment 1,False,0.4391
2024-05-15,North,27,3041.927394629303,Segment 1,False,0.419
2024-05-16,North,17,1658.611737827749,Segment 1,False,0.4591
2024-05-17,North,16,1521.244434831941,Segment 1,False,0.4793
2024-05-18,East,28,2758.201359949959,Segment 1,False,0.4037
2024-05-19,North,23,2117.267644231011,Segment 1,False,0.3859
2024-05-20,West,23,2527.800629762151,Segment 1,False,0.4132
2024-05-21,North,29,2903.155652507276,Segment 1,False,0.4279
2024-05-22,West,24,2142.924187340945,Segment 1,False,0.3957
2024-05-23,West,18,2087.693692757689,Segment 1,False,0.4428
2024-05-24,West,15,1430.334732823927,Segment 1,False,0.5256
2024-05-25,East,18,1831.358060002072,Segment 1,False,0.4549
2024-05-26,East,29,3371.507648718874,Segment 1,False,0.4877
2024-05-27,East,38,3988.841753789268,Segment 1,True,0.6537
2024-05-28,North,22,1862.87027582336,Segment 1,False,0.4341
2024-05-29,West,16,1881.492559112624,Segment 1,False,0.5189
2024-05-30,East,27,2837.924697317132,Segment 1,False,0.3915
2024-05-31,East,24,2241.509390070803,Segment 1,False,0.3921
2024-06-01,North,26,2224.842955569923,Segment 1,False,0.4163
2024-06-02,East,13,1452.893098420554,Segment 1,False,0.5666
2024-06-03,North,24,2515.269845691373,Segment 1,False,0.4083
2024-06-04,South,21,2128.10731726011,Segment 1,False,0.4182
2024-06-05,East,24,2778.136879728919,Segment 1,False,0.4359
2024-06-06,South,26,2900.141099673512,Segment 1,False,0.4137
2024-06-07,North,28,2409.875865300681,Segment 1,False,0.4207
2024-06-08,West,22,2034.315419660083,Segment 1,False,0.4018
2024-06-09,East,28,2518.307836592202,Segment 1,False,0.4162
2024-06-10,North,33,3622.009106195933,Segment 1,False,0.5158
2024-06-11,West,36,2928.286706019522,Segment 1,False,0.5706
2024-06-12,West,27,2775.480859661022,Segment 1,False,0.3874
2024-06-13,South,34,3756.943812607339,Segment 1,False,0.5623
2024-06-14,North,13,1495.91813111611,Segment 1,False,0.56
2024-06-15,West,23,2154.715208818635,Segment 1,False,0.3862
2024-06-16,East,26,2934.107596858893,Segment 1,False,0.4159
2024-06-17,East,31,2617.183353824457,Segment 1,False,0.4518
2024-06-18,South,24,2732.594200065138,Segment 1,False,0.4279
2024-06-19,West,31,2638.085941291658,Segment 1,False,0.4548
2024-06-20,North,24,2301.395798937952,Segment 1,False,0.3991
2024-06-21,East,37,4139.99714135374,Segment 1,True,0.6599
2024-06-22,West,21,1805.93063897297,Segment 1,False,0.4658
2024-06-23,West,27,2407.591506851253,Segment 1,False,0.3989
2024-06-24,South,18,1960.021849243008,Segment 1,False,0.4546
2024-06-25,East,25,2720.036536546074,Segment 1,False,0.4058
2024-06-26,East,25,2641.147632885297,Segment 1,False,0.4036
2024-06-27,North,26,2801.706382245784,Segment 1,False,0.4076
2024-06-28,East,32,3254.687287484923,Segment 1,False,0.4631
2024-06-29,North,18,1621.295322413006,Segment 1,False,0.4827
2024-06-30,East,29,2721.007352464546,Segment 1,False,0.4253
2024-07-01,South,28,2443.389442817597,Segment 1,False,0.4158
2024-07-02,East,19,2210.422426613557,Segment 1,False,0.4581
2024-07-03,North,23,2376.720451184831,Segment 1,False,0.4009
2024-07-04,North,23,2208.783303422549,Segment 1,False,0.3877
2024-07-05,South,33,3249.847660810256,Segment 1,False,0.4695
2024-07-06,East,25,2947.283339611815,Segment 1,False,0.4489
2024-07-07,East,23,1981.083290866794,Segment 1,False,0.4031
2024-07-08,South,25,2586.229832016797,Segment 1,False,0.3984
2024-07-09,East,25,2505.888678884466,Segment 1,False,0.403
2024-07-10,East,27,2820.37057426942,Segment 1,False,0.3923
2024-07-11,North,16,1291.590517645338,Segment 1,False,0.5568
2024-07-12,East,18,2067.929214439789,Segment 1,False,0.4357
2024-07-13,East,19,2228.409894687545,Segment 1,False,0.465
2024-07-14,South,20,2052.106546871367,Segment 1,False,0.4317
2024-07-15,South,32,3451.713054562422,Segment 1,False,0.4846
2024-07-16,West,27,3156.29933167148,Segment 1,False,0.4411
2024-07-17,North,20,2165.790907450719,Segment 1,False,0.4448
2024-07-18,East,19,1635.929672614839,Segment 1,False,0.4807
