ticket_id,priority,user.tier,user.tenure_months,metrics.response_time_min,metrics.reopen_count,predicted_priority,prediction_score,is_anomaly,anomaly_score
TICK-1099,High,Platinum,7,32.436740635412754,1,Critical,0.6897,False,0.4822
TICK-1105,Medium,Standard,3,2.551266442691017,1,Medium,0.6256,False,0.444
TICK-1034,Low,Standard,7,10.586848942356385,4,Medium,0.6131,False,0.4679
TICK-1001,High,Platinum,8,3.2980817580411843,1,Critical,0.61,False,0.4896
TICK-1097,Medium,Platinum,3,67.9648367247628,1,Critical,0.5632,False,0.4438
TICK-1020,Medium,Standard,11,10.219565758624379,0,Medium,0.5556,False,0.4651
TICK-1021,High,Standard,39,28.279400587761078,2,Medium,0.547,False,0.4652
TICK-1102,High,Platinum,12,5.214344595454501,1,Critical,0.5419,False,0.5036
TICK-1000,Critical,Standard,8,0.8240957365332029,0,Medium,0.5276,False,0.4551
TICK-1070,Low,Platinum,10,16.98173596326594,1,Critical,0.5194,False,0.4768
TICK-1069,Low,Standard,35,4.124417174600901,0,Medium,0.5176,False,0.4978
TICK-1025,Medium,Standard,1,20.525106799892058,1,Medium,0.5088,False,0.4559
TICK-1078,Low,Platinum,15,47.51450101911925,1,Critical,0.5066,False,0.4537
TICK-1080,High,Standard,44,0.9540810318138311,5,Medium,0.5053,False,0.4824
TICK-1088,Critical,Platinum,13,4.860770687790277,1,High,0.4986,False,0.4613
TICK-1148,Medium,Platinum,15,6.587775657145115,1,Critical,0.4939,False,0.4522
TICK-1030,Low,Gold,8,8.617185466203603,1,High,0.4922,False,0.4994
TICK-1062,Critical,Gold,40,25.022800231049207,0,High,0.4916,False,0.4679
TICK-1067,Low,Gold,39,5.257753041886895,2,Critical,0.4914,False,0.4999
TICK-1079,Low,Gold,47,34.22987462211721,1,High,0.4906,False,0.5155
TICK-1113,High,Gold,37,57.803693032699734,1,Low,0.4881,False,0.4412
TICK-1009,Low,Platinum,22,45.390955652602656,0,Low,0.4874,False,0.4604
TICK-1139,High,Platinum,25,11.941932085105941,2,Critical,0.4855,False,0.4825
TICK-1028,Critical,Platinum,17,90.01471959368288,1,Critical,0.4822,False,0.4562
TICK-1061,Medium,Standard,40,64.34341639275827,2,Medium,0.4813,False,0.4378
TICK-1077,Medium,Gold,34,175.54586284970938,1,Low,0.4804,False,0.5194
TICK-1084,Low,Standard,8,44.21076131670109,3,Medium,0.4767,False,0.4915
TICK-1106,Low,Gold,15,8.939362594166896,2,Critical,0.4749,False,0.4336
TICK-1129,Critical,Standard,1,39.372305334334094,0,Medium,0.4702,False,0.5644
TICK-1054,Low,Platinum,18,35.723862072640124,0,Low,0.4692,False,0.4826
TICK-1085,Critical,Standard,24,76.09149905442793,2,Medium,0.4689,False,0.441
TICK-1086,Medium,Gold,7,4.0123124734901525,1,High,0.4668,False,0.5745
TICK-1116,Medium,Standard,5,11.799726131667812,1,Medium,0.4645,False,0.5256
TICK-1128,High,Gold,42,39.603843277053514,0,High,0.4614,False,0.5193
TICK-1056,High,Gold,37,2.8783770891304123,1,Low,0.4605,False,0.4486
TICK-1029,High,Gold,16,61.89425382846176,3,Low,0.4592,False,0.4477
TICK-1146,Critical,Platinum,43,0.5520253374810008,0,Medium,0.453,False,0.445
TICK-1040,Low,Gold,33,65.14084976172809,1,High,0.4509,False,0.5223
TICK-1125,Medium,Platinum,43,0.5259777530020113,0,Critical,0.4498,False,0.475
TICK-1041,High,Platinum,35,61.229450591225444,0,Low,0.4492,False,0.5287
TICK-1036,Critical,Platinum,24,7.841287235918571,0,Low,0.4489,False,0.5141
TICK-1082,Critical,Standard,25,37.64998825856933,1,Medium,0.4477,False,0.4861
TICK-1051,High,Standard,45,3.8465520744824215,0,Medium,0.4465,False,0.4558
TICK-1094,Low,Standard,30,1.0130053711657216,0,Medium,0.4465,False,0.4772
TICK-1111,Critical,Standard,12,14.527806484291471,2,Medium,0.4456,False,0.4607
TICK-1008,Critical,Standard,37,15.799081178394335,1,Medium,0.4453,False,0.5073
TICK-1045,Medium,Standard,1,8.18487360178783,0,Medium,0.4418,False,0.493
TICK-1112,Critical,Gold,8,15.591459764384656,2,Critical,0.4394,False,0.4979
TICK-1047,Medium,Standard,46,1.3844809569516756,0,Medium,0.439,False,0.4562
TICK-1017,Medium,Standard,7,25.549827412867494,1,Medium,0.4359,False,0.5004
TICK-1003,Low,Gold,32,58.07509012361789,1,High,0.4349,True,0.6828
TICK-1057,High,Standard,9,1.3617432924207284,1,Medium,0.4329,False,0.504
TICK-1109,Low,Standard,36,0.895053586285694,1,Medium,0.4286,False,0.4811
TICK-1092,Low,Gold,22,7.084948130467748,0,High,0.4276,False,0.4524
TICK-1059,High,Platinum,38,9.023172704288534,1,Critical,0.4275,False,0.4845
TICK-1117,High,Standard,23,18.142527664942133,0,Medium,0.4267,False,0.4607
TICK-1134,High,Standard,26,12.8577288627174,0,Medium,0.4263,False,0.4544
TICK-1131,Critical,Standard,26,14.066372676049188,0,Medium,0.426,False,0.4696
TICK-1024,High,Standard,26,19.28715975814517,0,Medium,0.4249,False,0.5458
TICK-1063,Low,Gold,24,47.89950401258198,3,High,0.4245,False,0.4573
TICK-1103,Medium,Platinum,46,12.32469372994288,0,Medium,0.4225,False,0.4464
TICK-1137,Medium,Gold,18,63.08527478888523,0,Low,0.4208,False,0.5038
TICK-1114,Medium,Standard,47,26.96224865464608,2,High,0.419,False,0.4773
TICK-1132,Low,Gold,17,53.313904485316854,2,High,0.419,False,0.4825
TICK-1013,Low,Platinum,37,0.5568566223229802,1,Critical,0.4187,False,0.5352
TICK-1016,Low,Platinum,6,39.52371784035666,0,Low,0.4178,False,0.5368
TICK-1038,Low,Platinum,23,2.02769806468423,0,Low,0.4166,False,0.4508
TICK-1007,Medium,Platinum,2,13.532357475326968,0,Low,0.4159,False,0.4518
TICK-1032,Low,Gold,16,77.80750672425766,0,Low,0.4145,False,0.4986
TICK-1090,Low,Gold,41,1.2127504919310947,1,Critical,0.4108,False,0.4519
TICK-1143,Low,Platinum,21,59.70638165684265,1,Critical,0.4108,False,0.457
TICK-1004,Medium,Standard,21,15.646098883580347,0,Medium,0.4081,False,0.4867
TICK-1096,Low,Gold,42,5.499034054052308,0,High,0.4072,False,0.4692
TICK-1043,Critical,Gold,29,1.1496528439789144,1,High,0.4061,False,0.5326
TICK-1127,High,Gold,20,4.031375819138566,0,Low,0.4033,False,0.5897
TICK-1002,Medium,Standard,28,8.161458666269857,0,Medium,0.4032,False,0.483
TICK-1011,High,Gold,17,9.387016433294601,1,Low,0.4004,False,0.5348
TICK-1133,High,Standard,46,75.28008600007246,3,Medium,0.3979,True,0.7691
TICK-1019,Critical,Platinum,1,2.592848270155308,1,High,0.3978,False,0.4788
TICK-1048,Medium,Standard,24,3.986664223975783,2,Medium,0.3968,False,0.5569
TICK-1121,Medium,Standard,44,17.737687219429013,2,Critical,0.3949,False,0.4909
TICK-1119,Medium,Standard,1,17.90424419082749,2,Critical,0.3947,False,0.4904
TICK-1053,High,Standard,35,27.284970866021702,1,Medium,0.3942,False,0.482
TICK-1095,Critical,Gold,39,4.2716551777398415,2,Low,0.3926,False,0.4428
TICK-1138,Medium,Standard,11,14.132394333976423,0,Medium,0.3923,False,0.4954
TICK-1141,Medium,Standard,35,7.734752925991465,0,Medium,0.3921,False,0.524
TICK-1035,Medium,Platinum,35,11.530215645586031,1,High,0.392,False,0.4621
TICK-1046,High,Gold,30,57.48333986598938,2,High,0.3899,False,0.4687
TICK-1093,High,Gold,33,21.876392807180498,0,High,0.3885,False,0.4421
TICK-1012,High,Platinum,9,4.502232564921466,3,Low,0.3877,True,0.6723
TICK-1066,Medium,Platinum,42,4.138917222112669,0,Critical,0.3821,False,0.4676
TICK-1120,Medium,Gold,20,14.310054099589575,1,Low,0.3816,False,0.6434
TICK-1100,High,Gold,26,19.669983513660952,0,Low,0.3791,False,0.4535
TICK-1087,Medium,Gold,22,26.16616296974852,0,High,0.3787,False,0.4631
TICK-1049,High,Gold,39,63.3882888042256,2,High,0.3783,False,0.4826
TICK-1108,Low,Gold,20,21.08652586771342,1,Low,0.3779,False,0.4477
TICK-1015,Low,Platinum,42,4.525333396465426,0,Critical,0.3775,False,0.4661
TICK-1033,Low,Standard,22,74.12595792376591,0,Medium,0.3761,False,0.5908
TICK-1104,Critical,Platinum,32,20.68635326170301,2,High,0.3758,False,0.4664
TICK-1037,Low,Gold,3,35.75033849064711,0,Low,0.3725,False,0.4633
TICK-1144,High,Standard,29,12.52223644232393,1,Medium,0.3699,False,0.4379
TICK-1039,Medium,Standard,4,46.92292000013963,0,Low,0.3681,False,0.4464
TICK-1027,High,Gold,12,13.434299267394662,0,High,0.3676,False,0.4384
TICK-1124,Medium,Standard,14,34.962556498766745,1,Critical,0.3674,False,0.5096
TICK-1126,Medium,Standard,39,18.194768072760283,1,High,0.3672,False,0.4554
TICK-1091,Critical,Standard,12,129.515479656883,0,Low,0.3634,False,0.5125
TICK-1147,Critical,Platinum,16,31.27898779223255,1,Low,0.3599,False,0.4432
TICK-1115,Low,Standard,25,104.61474125463431,0,Medium,0.3595,False,0.4361
TICK-1140,Medium,Platinum,29,17.863937566917855,0,Low,0.3584,False,0.4566
TICK-1130,Low,Gold,5,99.18766312431927,0,Low,0.358,False,0.4774
TICK-1110,Medium,Platinum,34,47.24473214559202,2,High,0.3555,False,0.4912
TICK-1071,Low,Platinum,30,42.03600720023437,1,Low,0.3537,False,0.4317
TICK-1042,High,Platinum,13,22.582911614086633,3,Low,0.3533,False,0.4497
TICK-1052,Medium,Standard,26,1.1227063186014639,4,High,0.3514,False,0.4912
TICK-1060,High,Gold,37,7.4608878354124935,1,High,0.3506,False,0.5396
TICK-1023,Low,Platinum,20,5.30261218100997,3,Low,0.3488,False,0.601
TICK-1026,High,Platinum,35,51.29471095713588,2,High,0.3483,False,0.4635
TICK-1107,Low,Standard,24,16.627307382222416,0,High,0.3474,False,0.4399
TICK-1005,High,Gold,7,30.0914912597514,2,Critical,0.3416,False,0.438
TICK-1068,Critical,Platinum,2,10.149820281355654,3,Low,0.3395,False,0.5056
TICK-1101,Critical,Gold,14,2.554646996668685,0,Low,0.3388,False,0.4414
TICK-1149,High,Gold,4,8.902756892345156,0,High,0.3388,False,0.5027
TICK-1044,Low,Platinum,10,2.885394793798735,0,Critical,0.3354,False,0.4581
TICK-1058,Critical,Platinum,40,80.46686359842579,1,Critical,0.3322,False,0.4383
TICK-1065,Critical,Platinum,5,63.826389541564595,1,Low,0.3319,False,0.475
TICK-1083,Low,Platinum,8,5.203675782701651,0,Critical,0.3315,False,0.4924
TICK-1123,Low,Platinum,35,18.055297449057928,1,Critical,0.3302,False,0.4567
TICK-1135,High,Gold,9,60.39583462121939,2,Low,0.3294,False,0.4584
TICK-1031,High,Gold,41,86.50391361961243,0,High,0.3281,False,0.5231
TICK-1075,Medium,Standard,12,0.7468266684753394,0,Medium,0.3275,False,0.5711
TICK-1081,Low,Platinum,1,11.602660293560977,2,High,0.3265,False,0.6188
TICK-1022,Low,Gold,5,19.8352112250945,0,Low,0.3239,False,0.4372
TICK-1118,High,Platinum,14,12.054175674879822,1,Critical,0.3231,False,0.4853
TICK-1122,Critical,Gold,14,1.7634332018988812,2,High,0.3202,False,0.5965
TICK-1072,High,Gold,4,10.741572492847194,1,Low,0.3197,False,0.4361
TICK-1006,Low,Platinum,36,30.894330409634982,3,High,0.3187,False,0.524
TICK-1074,Medium,Gold,14,108.90583125433024,2,Critical,0.3184,False,0.4605
TICK-1050,Medium,Standard,7,141.88334058278437,0,Medium,0.315,False,0.498
TICK-1145,High,Standard,15,22.881513130586065,3,Medium,0.3146,False,0.4377
TICK-1055,Critical,Platinum,38,29.26032036947244,1,High,0.3125,False,0.4464
TICK-1142,Critical,Platinum,8,33.09784425213207,1,Low,0.3073,False,0.4445
TICK-1018,Medium,Gold,46,1.4431399287593165,0,Low,0.3034,False,0.4443
TICK-1076,Critical,Gold,47,20.120630247650404,2,Low,0.3017,False,0.4713
TICK-1014,Medium,Standard,38,2.086142742917909,1,High,0.2968,False,0.4937
TICK-1089,High,Gold,46,110.30835085057075,2,High,0.2944,False,0.4467
TICK-1098,High,Platinum,32,10.6503991711913,4,Medium,0.292,False,0.4543
TICK-1010,Medium,Gold,46,19.10671751636257,0,High,0.2852,False,0.4894
TICK-1064,High,Platinum,45,35.867389931159515,2,High,0.2842,False,0.4704
TICK-1073,High,Gold,1,1.7899671358877483,0,High,0.273,False,0.454
TICK-1136,Critical,Platinum,41,3.4660170776981345,3,High,0.2686,False,0.4774
