id,department,experience,salary,performance,predicted_salary,prediction_error,is_anomaly,anomaly_score
1,Support,10.0,86268.22,Meets,83075.2429,-3192.9771,False,0.4683
2,Engineering,9.5,65617.21,Meets,92611.0592,26993.8492,False,0.4865
3,Support,8.7,112545.6,Exceeds,87102.9234,-25442.6766,False,0.4687
4,Marketing,4.2,81148.98,Exceeds,91465.8201,10316.8401,False,0.4848
5,Support,6.5,137804.92,Exceeds,80719.4848,-57085.4352,False,0.568
6,Marketing,9.3,107687.49,Meets,82851.6189,-24835.8711,False,0.4742
7,Marketing,8.0,124023.25,Needs Improvement,92536.281,-31486.969,False,0.4907
8,Sales,14.8,61927.22,Needs Improvement,89848.1851,27920.9651,False,0.5388
9,Marketing,2.9,127581.3,Exceeds,92990.5524,-34590.7476,False,0.5482
10,Sales,10.7,133048.15,Needs Improvement,102617.5326,-30430.6174,False,0.5393
11,Sales,6.7,93835.57,Exceeds,95364.0111,1528.4411,False,0.4505
12,Sales,7.0,104562.76,Meets,98479.9531,-6082.8069,False,0.4796
13,Engineering,11.0,118832.88,Needs Improvement,99140.9752,-19691.9048,False,0.4939
14,Engineering,10.7,65735.48,Meets,99332.4068,33596.9268,False,0.4768
15,Marketing,14.9,95230.95,Needs Improvement,86943.5034,-8287.4466,False,0.5562
16,Sales,2.8,85879.67,Meets,99477.6945,13598.0245,False,0.4874
17,Engineering,2.5,63173.66,Needs Improvement,117109.8787,53936.2187,False,0.5264
18,Sales,11.1,83078.1,Meets,86027.878,2949.778,False,0.4637
19,Support,9.1,56135.51,Meets,83289.0446,27153.5346,False,0.5088
20,Support,4.8,52323.07,Needs Improvement,97857.0013,45533.9313,False,0.5426
21,Support,2.1,62164.97,Meets,83910.3777,21745.4077,False,0.5382
22,Marketing,2.2,136680.36,Meets,87317.6135,-49362.7465,False,0.5521
23,Sales,13.5,99457.66,Meets,96935.8295,-2521.8305,False,0.514
24,Support,3.7,136923.99,Needs Improvement,89675.9552,-47248.0348,False,0.5596
25,Engineering,5.5,88924.81,Needs Improvement,113591.2658,24666.4558,False,0.4541
26,Support,4.2,78063.45,Meets,90400.7941,12337.3441,False,0.4859
27,Support,6.0,95552.77,Meets,84025.4728,-11527.2972,False,0.4549
28,Support,2.0,89556.05,Needs Improvement,101141.0401,11584.9901,False,0.508
29,Marketing,8.3,59509.82,Needs Improvement,103090.5321,43580.7121,False,0.4958
30,Engineering,1.9,107674.37,Meets,96814.8093,-10859.5607,False,0.5454
31,Sales,12.2,69443.44,Meets,97244.6542,27801.2142,False,0.4877
32,Engineering,4.3,105762.92,Meets,95716.0682,-10046.8518,False,0.4983
33,Sales,8.6,108518.1,Exceeds,94361.2894,-14156.8106,False,0.4639
34,Marketing,13.3,63682.24,Needs Improvement,101902.7447,38220.5047,False,0.4984
35,Marketing,10.1,55521.47,Exceeds,84545.8812,29024.4112,False,0.4905
36,Marketing,8.5,120268.54,Needs Improvement,91949.8455,-28318.6945,False,0.4661
37,Marketing,5.5,91382.04,Needs Improvement,95468.4585,4086.4185,False,0.4437
38,Sales,5.7,55234.74,Needs Improvement,95772.7587,40538.0187,False,0.5321
39,Support,10.4,139537.97,Needs Improvement,91288.9238,-48249.0462,False,0.5649
40,Sales,14.9,55200.25,Needs Improvement,101619.7912,46419.5412,True,0.582
41,Engineering,10.3,112553.17,Needs Improvement,99307.2654,-13245.9046,False,0.4886
42,Marketing,8.8,138531.1,Needs Improvement,90317.566,-48213.534,False,0.523
43,Marketing,11.2,71526.21,Exceeds,94197.864,22671.654,False,0.4809
44,Engineering,7.5,62802.44,Meets,103085.594,40283.154,False,0.5025
45,Sales,1.8,60924.64,Meets,99715.252,38790.612,False,0.5713
46,Support,8.9,77294.76,Exceeds,80149.3469,2854.5869,False,0.4875
47,Support,14.4,59094.12,Exceeds,81070.0691,21975.9491,False,0.5383
48,Engineering,3.5,112294.52,Exceeds,92718.9049,-19575.6151,False,0.52
49,Support,10.7,55606.26,Exceeds,85996.6734,30390.4134,False,0.4958
50,Sales,3.8,95847.99,Needs Improvement,102749.766,6901.776,False,0.4933
51,Sales,8.5,139702.72,Meets,89077.3425,-50625.3775,False,0.54
52,Engineering,2.4,123257.32,Needs Improvement,103188.8244,-20068.4956,False,0.5489
53,Sales,7.3,105369.75,Meets,88237.1811,-17132.5689,False,0.4742
54,Marketing,11.6,77562.83,Meets,97290.0503,19727.2203,False,0.4781
55,Engineering,5.9,106150.63,Exceeds,107594.7467,1444.1167,False,0.482
56,Sales,10.3,97433.73,Needs Improvement,102712.5556,5278.8256,False,0.4715
57,Engineering,12.1,88347.5,Exceeds,100322.9465,11975.4465,False,0.4684
58,Support,14.0,61763.93,Needs Improvement,83978.7675,22214.8375,False,0.5044
59,Sales,4.3,129794.38,Meets,89896.5562,-39897.8238,False,0.5528
60,Marketing,6.6,90480.62,Exceeds,91727.0343,1246.4143,False,0.4511
61,Sales,3.1,67516.03,Exceeds,97403.477,29887.447,False,0.5261
62,Engineering,14.9,83098.34,Meets,89624.1841,6525.8441,False,0.5419
63,Engineering,14.0,87271.68,Meets,95461.9325,8190.2525,False,0.496
64,Sales,8.6,124478.41,Meets,87518.1186,-36960.2914,False,0.4759
65,Marketing,12.8,116025.29,Exceeds,81379.1296,-34646.1604,False,0.5226
66,Marketing,8.3,119237.44,Needs Improvement,92184.4197,-27053.0203,False,0.4704
67,Marketing,9.7,50992.81,Exceeds,85015.0296,34022.2196,False,0.5638
68,Engineering,2.2,87453.86,Needs Improvement,117461.74,30007.88,False,0.4959
69,Sales,11.6,93320.97,Exceeds,92701.9144,-619.0556,False,0.4718
70,Support,2.8,51727.3,Exceeds,81598.4475,29871.1475,False,0.5797
71,Engineering,12.6,73383.19,Meets,93744.3411,20361.1511,False,0.4966
72,Marketing,11.9,118426.08,Needs Improvement,88602.8784,-29823.2016,False,0.4935
73,Sales,10.9,62339.87,Exceeds,94366.2697,32026.3997,False,0.4767
74,Marketing,1.5,98177.91,Exceeds,96502.1715,-1675.7385,True,0.5849
75,Support,5.2,69368.17,Meets,82195.6901,12827.5201,False,0.4937
76,Marketing,4.7,51090.87,Meets,85934.801,34843.931,False,0.5615
77,Marketing,6.0,71708.13,Needs Improvement,103636.9143,31928.7843,False,0.4924
78,Support,2.2,137828.64,Exceeds,81740.9819,-56087.6581,False,0.5594
79,Sales,14.1,122138.34,Needs Improvement,90669.1948,-31469.1452,False,0.5717
80,Engineering,8.8,136361.9,Exceeds,99841.4175,-36520.4825,False,0.5064
81,Sales,5.3,93906.86,Needs Improvement,103900.343,9993.483,False,0.4529
82,Support,6.6,59876.26,Meets,87585.9038,27709.6438,False,0.5085
83,Marketing,7.3,99316.35,Exceeds,91339.8468,-7976.5032,False,0.4739
84,Sales,9.4,90893.96,Needs Improvement,102926.3573,12032.3973,False,0.4648
85,Engineering,8.2,125992.14,Meets,93330.1217,-32662.0183,False,0.4911
86,Support,13.9,58827.43,Meets,82148.7687,23321.3387,False,0.5277
87,Sales,8.0,93941.7,Needs Improvement,94500.5712,558.8712,False,0.4631
88,Engineering,14.9,63504.38,Exceeds,96467.3549,32962.9749,False,0.5308
89,Support,12.9,79220.83,Exceeds,79199.1169,-21.7131,False,0.4912
90,Engineering,3.9,116362.14,Meets,107307.9296,-9054.2104,False,0.5257
91,Support,14.0,92841.63,Exceeds,78937.8037,-13903.8263,False,0.4984
92,Marketing,2.6,83829.95,Exceeds,93939.5344,10109.5844,False,0.4939
93,Sales,12.4,85502.87,Exceeds,92259.4144,6756.5444,False,0.4692
94,Engineering,6.3,91350.21,Meets,104493.0392,13142.8292,False,0.4517
95,Support,13.3,120651.49,Needs Improvement,84365.9551,-36285.5349,False,0.5105
96,Engineering,13.2,130287.62,Exceeds,99032.7885,-31254.8315,False,0.5766
97,Engineering,12.3,135980.12,Meets,93815.6084,-42164.5116,False,0.5673
98,Sales,12.1,120821.3,Meets,85582.1811,-35239.1189,False,0.4886
99,Marketing,5.3,78386.62,Needs Improvement,92253.5036,13866.8836,False,0.4712
100,Engineering,2.1,111932.12,Exceeds,112051.6565,119.5365,False,0.523
