sqft,bedrooms,house_price,price_duplicate,price_near_leak,neighborhood,predicted_house_price,prediction_error,is_anomaly,anomaly_score
1304.4170602865402,4,385504.9,385504.9,385504.9,Suburbs,507703.9019,122199.0019,False,0.4596
969.1454132103438,2,271193.25,271193.25,271193.25,Downtown,634258.2742,363065.0242,False,0.4644
3059.2688702109517,3,810246.42,810246.42,810246.43,Downtown,437792.1313,-372454.2887,False,0.5043
639.5017593201965,3,201975.3,201975.3,201975.33,Suburbs,517524.2365,315548.9365,False,0.5558
2359.098320598247,5,668924.39,668924.39,668924.39,Downtown,561364.7765,-107559.6135,False,0.5223
2185.9785424004203,1,558730.46,558730.46,558730.45,Downtown,430973.3895,-127757.0705,False,0.4547
1537.761342505083,3,432718.39,432718.39,432718.39,Uptown,525548.9372,92830.5472,False,0.4456
1445.568563292077,1,384030.76,384030.76,384030.76,Uptown,488061.7175,104030.9575,False,0.4593
2815.573178544864,4,762107.78,762107.78,762107.76,Suburbs,504407.3838,-257700.3962,False,0.4531
759.2738322876394,1,208790.38,208790.38,208790.38,Suburbs,455045.882,246255.502,False,0.5602
1210.352927934156,4,365384.03,365384.03,365384.03,Downtown,527457.5168,162073.4868,False,0.5029
2697.3461955142693,2,715600.98,715600.98,715600.99,Uptown,674813.8022,-40787.1778,False,0.48
2144.9617511792726,2,563716.28,563716.28,563716.29,Suburbs,581603.3341,17887.0541,False,0.4506
883.9646256007592,5,299966.51,299966.51,299966.51,Suburbs,635163.1632,335196.6532,False,0.5056
3146.406842846181,3,823471.66,823471.66,823471.68,Suburbs,428576.4513,-394895.2087,False,0.5423
1680.3435396907746,5,492606.59,492606.59,492606.61,Suburbs,541611.1616,49004.5716,False,0.476
2983.6051259665187,4,807668.25,807668.25,807668.25,Suburbs,504407.3838,-303260.8662,False,0.5039
2863.139046583126,5,797750.56,797750.56,797750.56,Suburbs,635163.1632,-162587.3968,False,0.5013
2373.2763394151843,1,602189.42,602189.42,602189.4,Downtown,474799.4969,-127389.9231,False,0.491
1983.443393885279,4,559791.3,559791.3,559791.29,Uptown,512432.0844,-47359.2156,False,0.465
3438.652521145271,2,889347.01,889347.01,889347.0,Uptown,664870.8426,-224476.1674,False,0.5728
934.8952171394512,3,271116.17,271116.17,271116.17,Suburbs,428576.4513,157460.2813,False,0.4607
2675.4671826533445,4,729774.73,729774.73,729774.72,Uptown,600914.37,-128860.36,False,0.4687
1073.572104394367,4,336938.83,336938.83,336938.83,Uptown,561843.3855,224904.5555,False,0.4962
1514.7893159970452,1,388095.22,388095.22,388095.22,Uptown,548256.3501,160161.1301,False,0.4658
1426.0962301195857,3,400974.37,400974.37,400974.38,Suburbs,517524.2365,116549.8665,False,0.4468
3341.107963216169,2,860343.8,860343.8,860343.8,Suburbs,581603.3341,-278740.4659,False,0.5618
3402.0685333648257,4,908174.22,908174.22,908174.2,Uptown,512432.0844,-395742.1356,False,0.6014
1049.0463327041816,4,329422.43,329422.43,329422.43,Uptown,512432.0844,183009.6544,False,0.4937
566.1054808925126,1,155168.75,155168.75,155168.75,Suburbs,547224.3741,392055.6241,True,0.7132
2660.0241189893395,5,747013.86,747013.86,747013.85,Downtown,561364.7765,-185649.0835,False,0.4641
1753.969801611453,2,474037.72,474037.72,474037.72,Uptown,674813.8022,200776.0822,False,0.472
766.5207352626932,3,234816.49,234816.49,234816.48,Downtown,437792.1313,202975.6413,False,0.5402
2551.262316731128,4,695302.58,695302.58,695302.58,Uptown,512432.0844,-182870.4956,False,0.5237
2135.316584782099,4,589349.15,589349.15,589349.18,Downtown,455343.7564,-134005.3936,False,0.4571
3441.550466003318,2,885733.21,885733.21,885733.19,Downtown,535014.897,-350718.313,False,0.569
1182.228487584137,5,372323.16,372323.16,372323.15,Downtown,561364.7765,189041.6165,False,0.4912
1711.9336289796447,4,487884.48,487884.48,487884.47,Suburbs,522015.137,34130.657,False,0.4736
2127.6374101862684,2,558791.33,558791.33,558791.33,Downtown,535014.897,-23776.433,False,0.4463
2875.0999653600547,1,726031.18,726031.18,726031.19,Downtown,430973.3895,-295057.7905,False,0.482
2146.515970160176,5,612159.89,612159.89,612159.9,Downtown,561364.7765,-50795.1135,False,0.4968
2338.700482585848,3,627327.36,627327.36,627327.37,Uptown,468404.6998,-158922.6602,False,0.4919
1178.4411547698223,4,353633.8,353633.8,353633.8,Downtown,527457.5168,173823.7168,False,0.5068
3040.75618426568,2,791712.36,791712.36,791712.35,Uptown,592103.2251,-199609.1349,False,0.4848
1785.8916409114272,1,448963.9,448963.9,448963.89,Downtown,474799.4969,25835.5969,False,0.4916
922.8788825653078,3,268053.35,268053.35,268053.36,Downtown,464071.4427,196018.0927,False,0.4716
2492.563743516252,2,664623.15,664623.15,664623.15,Suburbs,584078.5244,-80544.6256,False,0.5184
1148.2713595559226,2,314534.79,314534.79,314534.8,Uptown,674813.8022,360279.0122,False,0.5044
792.6875307178992,3,230584.72,230584.72,230584.72,Downtown,437792.1313,207207.4113,False,0.5399
3085.9607252128167,1,779240.48,779240.48,779240.47,Uptown,488061.7175,-291178.7625,False,0.4787
1880.486793465319,1,497544.04,497544.04,497544.03,Uptown,488061.7175,-9482.3225,False,0.4877
2747.851138087329,5,758447.8,758447.8,758447.81,Suburbs,607428.3871,-151019.4129,False,0.4547
1371.7626794190653,4,408735.75,408735.75,408735.76,Suburbs,522015.137,113279.387,False,0.4533
2860.910404752999,3,760833.19,760833.19,760833.2,Suburbs,444317.8278,-316515.3622,False,0.4512
835.8077810645909,3,251527.11,251527.11,251527.1,Suburbs,517524.2365,265997.1265,False,0.5132
1567.920121384558,3,440857.26,440857.26,440857.25,Suburbs,444317.8278,3460.5678,False,0.4518
3434.1854539205856,1,861624.58,861624.58,861624.58,Suburbs,455045.882,-406578.698,False,0.5664
2881.9691491040185,4,773286.62,773286.62,773286.63,Suburbs,522015.137,-251271.483,False,0.463
1991.7677909440645,5,570480.19,570480.19,570480.18,Suburbs,607428.3871,36948.1971,False,0.4769
1519.3324146856553,2,403118.58,403118.58,403118.58,Downtown,634258.2742,231139.6942,False,0.4561
3116.4071000674294,2,806197.89,806197.89,806197.89,Uptown,664870.8426,-141327.0474,False,0.5072
2134.543277253547,3,582904.38,582904.38,582904.39,Suburbs,428576.4513,-154327.9287,False,0.4614
2775.275053607333,4,754479.45,754479.45,754479.47,Suburbs,507703.9019,-246775.5481,False,0.4505
2762.323040948492,1,712233.85,712233.85,712233.87,Uptown,587052.6227,-125181.2273,False,0.495
553.8370357054755,4,199436.14,199436.14,199436.13,Downtown,527457.5168,328021.3768,False,0.5818
878.7613483778404,4,284652.64,284652.64,284652.62,Uptown,600914.37,316261.73,False,0.4873
2478.888099184227,1,634401.67,634401.67,634401.66,Uptown,488061.7175,-146339.9525,False,0.5148
984.8594338576142,3,288263.48,288263.48,288263.48,Suburbs,517524.2365,229260.7565,False,0.4919
1266.480033966814,4,384022.85,384022.85,384022.85,Uptown,512432.0844,128409.2344,False,0.4645
3339.9138625988217,2,861431.71,861431.71,861431.73,Uptown,592103.2251,-269328.4849,False,0.548
2180.546775124736,1,561855.92,561855.92,561855.92,Suburbs,455045.882,-106810.038,False,0.4558
2752.188520998041,5,766891.62,766891.62,766891.63,Suburbs,607428.3871,-159463.2329,False,0.4688
2173.9422163479194,3,592693.02,592693.02,592693.02,Suburbs,517524.2365,-75168.7835,False,0.4599
2157.540844348176,1,548558.0,548558.0,548558.0,Suburbs,455045.882,-93512.118,False,0.4736
782.4557303770937,5,275873.68,275873.68,275873.66,Uptown,647256.6357,371382.9557,False,0.4983
1530.9895778273092,5,452852.62,452852.62,452852.62,Uptown,647256.6357,194404.0157,False,0.4778
1347.292696059535,4,400876.69,400876.69,400876.72,Downtown,527457.5168,126580.8268,False,0.4556
1672.1850968408396,4,480722.14,480722.14,480722.13,Downtown,455343.7564,-25378.3836,False,0.4724
2895.032564672985,4,787851.29,787851.29,787851.27,Uptown,600914.37,-186936.92,False,0.4693
1615.7980037505945,1,412924.48,412924.48,412924.5,Downtown,556440.0542,143515.5742,False,0.4659
1855.090457695048,1,481712.26,481712.26,481712.27,Uptown,488061.7175,6349.4575,False,0.4798
1692.1441714559496,3,473464.01,473464.01,473464.01,Downtown,437792.1313,-35671.8787,False,0.4719
780.2239159258868,4,256022.96,256022.96,256022.97,Suburbs,522015.137,265992.177,False,0.5064
1823.2164747523511,5,526711.04,526711.04,526711.03,Downtown,586099.5358,59388.4958,False,0.4935
1086.827819133545,2,306305.69,306305.69,306305.69,Suburbs,584078.5244,277772.8344,False,0.4843
1060.1698873191244,3,310612.07,310612.07,310612.08,Suburbs,517524.2365,206912.1665,False,0.4854
782.108313302799,1,202154.86,202154.86,202154.88,Suburbs,547224.3741,345069.5141,False,0.5488
1570.0129224252942,3,433022.28,433022.28,433022.27,Suburbs,428576.4513,-4445.8287,False,0.4453
2772.445654368252,3,735479.94,735479.94,735479.95,Downtown,464071.4427,-271408.4973,False,0.4626
1329.3250717501885,3,384860.36,384860.36,384860.36,Uptown,537528.2959,152667.9359,False,0.456
1437.0473056565406,3,410912.74,410912.74,410912.74,Suburbs,517524.2365,106611.4965,False,0.4454
2428.0239730172707,2,643640.84,643640.84,643640.84,Downtown,601356.949,-42283.891,False,0.5109
1087.5224377607565,4,333042.41,333042.41,333042.4,Suburbs,522015.137,188972.727,False,0.4875
3190.873791270603,5,877286.42,877286.42,877286.43,Downtown,616644.0672,-260642.3528,False,0.596
2060.5715697546634,3,554439.0,554439.0,554438.99,Downtown,468460.6091,-85978.3909,False,0.4643
1842.808820960651,3,505736.22,505736.22,505736.21,Downtown,468460.6091,-37275.6109,False,0.4899
2173.4605757876043,3,590623.31,590623.31,590623.32,Uptown,537528.2959,-53095.0141,False,0.4569
998.1029402485864,4,304151.24,304151.24,304151.25,Downtown,527457.5168,223306.2768,False,0.4825
2340.419415917529,1,601154.41,601154.41,601154.41,Downtown,430973.3895,-170181.0205,False,0.4879
1589.302209902031,1,420758.75,420758.75,420758.76,Uptown,587052.6227,166293.8727,False,0.447
3191.5590228938568,2,830683.6,830683.6,830683.61,Uptown,592103.2251,-238580.3749,False,0.562
1006.5626200330584,1,271228.38,271228.38,271228.39,Downtown,556440.0542,285211.6742,False,0.4749
2021.1533115963232,3,538026.29,538026.29,538026.28,Uptown,468404.6998,-69621.5902,False,0.4822
2294.337888107054,3,626374.32,626374.32,626374.33,Suburbs,428576.4513,-197797.8687,False,0.4941
600.1508053591436,3,194107.09,194107.09,194107.09,Suburbs,444317.8278,250210.7378,False,0.5988
1591.079374268421,2,423926.41,423926.41,423926.43,Uptown,664870.8426,240944.4326,False,0.4485
2697.9057041024985,3,718603.24,718603.24,718603.24,Uptown,468404.6998,-250198.5402,False,0.477
2961.13252234692,1,747858.02,747858.02,747858.02,Downtown,474799.4969,-273058.5231,False,0.4833
1439.485984451847,4,425111.21,425111.21,425111.2,Uptown,561843.3855,136732.1755,False,0.4533
2895.7798171482536,4,782267.98,782267.98,782267.98,Downtown,527457.5168,-254810.4632,False,0.4652
3403.2676313101665,5,922123.75,922123.75,922123.75,Suburbs,541611.1616,-380512.5884,True,0.6199
3070.621808225282,1,781815.18,781815.18,781815.18,Uptown,488061.7175,-293753.4625,False,0.4737
852.9319644779756,3,263823.07,263823.07,263823.07,Downtown,437792.1313,173969.0613,False,0.4768
2719.190996256622,4,740455.04,740455.04,740455.05,Downtown,455343.7564,-285111.2836,False,0.4659
1459.0004973216342,1,372701.66,372701.66,372701.66,Suburbs,455045.882,82344.222,False,0.4879
3465.2479682362296,4,928636.9,928636.9,928636.89,Uptown,561843.3855,-366793.5145,True,0.6597
1956.0769494796612,3,529374.34,529374.34,529374.33,Suburbs,428576.4513,-100797.8887,False,0.4849
867.3016950768231,4,266044.92,266044.92,266044.93,Downtown,455343.7564,189298.8364,False,0.4698
2675.556644082172,5,751369.2,751369.2,751369.2,Downtown,561364.7765,-190004.4235,False,0.4575
1469.0335951586417,5,444544.55,444544.55,444544.53,Uptown,647256.6357,202712.0857,False,0.4667
