customerID,gender,SeniorCitizen,Partner,Dependents,tenure,PhoneService,MultipleLines,InternetService,OnlineSecurity,OnlineBackup,DeviceProtection,TechSupport,StreamingTV,StreamingMovies,Contract,PaperlessBilling,PaymentMethod,MonthlyCharges,TotalCharges,is_anomaly,anomaly_score,predicted_Churn,prediction_score,risk_tier
9300-AGZNL,Male,1,No,No,1,Yes,Yes,Fiber optic,No,No,No,No,Yes,Yes,Month-to-month,Yes,Electronic check,94.0,94.0,False,0.5007,Yes,0.9337,High
4424-TKOPW,Male,1,No,No,2,Yes,Yes,Fiber optic,No,No,No,No,Yes,Yes,Month-to-month,Yes,Electronic check,93.85,196.75,False,0.4885,Yes,0.9323,High
2720-WGKHP,Male,1,No,No,2,Yes,Yes,Fiber optic,No,No,No,No,Yes,Yes,Month-to-month,Yes,Electronic check,94.0,181.7,False,0.4694,Yes,0.9319,High
9497-QCMMS,Male,1,No,No,1,Yes,Yes,Fiber optic,No,No,No,No,Yes,Yes,Month-to-month,Yes,Electronic check,93.55,93.55,False,0.5299,Yes,0.9341,High
7216-EWTRS,Female,1,Yes,No,1,Yes,Yes,Fiber optic,No,No,Yes,No,Yes,Yes,Month-to-month,Yes,Electronic check,100.8,100.8,False,0.4709,Yes,0.9277,High
5178-LMXOP,Male,1,Yes,No,1,Yes,Yes,Fiber optic,No,No,No,No,Yes,Yes,Month-to-month,Yes,Electronic check,95.1,95.1,False,0.532,Yes,0.932,High
5150-ITWWB,Male,1,No,No,3,Yes,Yes,Fiber optic,No,No,No,No,Yes,Yes,Month-to-month,Yes,Electronic check,94.85,335.75,False,0.4823,Yes,0.9304,High
7024-OHCCK,Female,1,No,No,2,Yes,Yes,Fiber optic,No,No,No,No,Yes,Yes,Month-to-month,Yes,Electronic check,93.85,170.85,False,0.4991,Yes,0.9328,High
1400-MMYXY,Male,1,Yes,No,3,Yes,Yes,Fiber optic,No,Yes,Yes,No,Yes,Yes,Month-to-month,Yes,Electronic check,105.9,334.65,False,0.5462,Yes,0.9115,High
2446-BEGGB,Female,1,No,No,6,Yes,Yes,Fiber optic,No,Yes,No,No,Yes,Yes,Month-to-month,Yes,Electronic check,98.25,560.6,False,0.5318,Yes,0.9147,High
5567-WSELE,Male,1,Yes,No,3,Yes,Yes,Fiber optic,No,No,No,No,Yes,Yes,Month-to-month,Yes,Electronic check,94.6,279.55,False,0.4823,Yes,0.9288,High
2660-EMUBI,Male,1,No,No,10,Yes,Yes,Fiber optic,No,No,No,No,Yes,Yes,Month-to-month,Yes,Electronic check,95.35,898.35,False,0.4972,Yes,0.9144,High
1374-DMZUI,Female,1,No,No,4,Yes,Yes,Fiber optic,No,No,No,No,Yes,Yes,Month-to-month,Yes,Electronic check,94.3,424.45,False,0.5133,Yes,0.9301,High
8098-LLAZX,Female,1,No,No,4,Yes,Yes,Fiber optic,No,No,No,No,Yes,Yes,Month-to-month,Yes,Electronic check,95.45,396.1,False,0.5136,Yes,0.9285,High
9057-SIHCH,Female,0,No,No,3,Yes,Yes,Fiber optic,No,No,No,No,Yes,Yes,Month-to-month,Yes,Electronic check,96.6,291.9,False,0.5492,Yes,0.9291,High
5277-ZLOOR,Female,1,No,No,2,Yes,Yes,Fiber optic,No,No,No,No,Yes,No,Month-to-month,Yes,Electronic check,85.55,187.45,True,0.6049,Yes,0.9164,High
2545-EBUPK,Female,1,No,No,2,Yes,Yes,Fiber optic,No,No,No,No,No,Yes,Month-to-month,Yes,Electronic check,84.05,186.05,False,0.5134,Yes,0.919,High
6023-YEBUP,Male,0,No,No,3,Yes,Yes,Fiber optic,No,No,Yes,No,Yes,Yes,Month-to-month,Yes,Electronic check,100.95,329.95,False,0.5559,Yes,0.9244,High
1069-XAIEM,Female,1,No,No,1,Yes,Yes,Fiber optic,No,No,No,No,No,Yes,Month-to-month,Yes,Electronic check,85.05,85.05,False,0.4839,Yes,0.9199,High
4695-WJZUE,Female,1,No,No,2,Yes,Yes,Fiber optic,No,No,Yes,No,No,Yes,Month-to-month,Yes,Electronic check,88.55,179.25,False,0.4798,Yes,0.9138,High
